text,label,vendor,invoice_id,invoice_date,amount,currency,llm_confidence,dit_confidence,validation_warnings,source_file,timestamp
"vendor: Fitzpatrick and Sons [SEP] invoice_id: 12847181 [SEP] date: 2012-03-03 [SEP] total: 6860.45 USD [SEP] tax: 623.68 [SEP] items: HP Desktop Computer PC
Core i5 16GB 2TB HD 256GB
SSD 22"" LCD
Windows 10 | CUSTOM BUILT AMD RYZEN
THREADRIPPER GAMING
COMPUTER , 32 GB RAM, | Fast Dell Optiplex Desktop PC
Computer Dual Core 3.4Ghz
8GB 1TB Win 10 Pro WIFI | Dell Optiplex 790 Computer i7
@ 3.40 Ghz Quad Core 250GB
4GB Working | Vintage Microsolutions Pentium
133mhz Desktop Tower PC
Windows 95 5.25 Floppy",IT Hardware,Fitzpatrick and Sons,12847181,2012-03-03,6860.45,USD,high,0.938,"[""Items sum (6860.45) \u2248 Subtotal (6236.77). Diff: 623.68 (10.0%)"", ""Recommended field missing: Due date (due_date)""]",tmpnaeol4de.jpg,2026-06-09T14:36:37.109914
"vendor: Smith, Schaefer and Gonzalez [SEP] invoice_id: 22083742 [SEP] date: 2014-03-01 [SEP] total: 7920.0 USD [SEP] tax: 720.0 [SEP] items: YILONG 4'x6' All over
Handmade Carpet Dining Room
Hand Knotted Silk Rugs 082B",Other,"Smith, Schaefer and Gonzalez",22083742,2014-03-01,7920.0,USD,high,0.948,"[""Items sum (7920.0) \u2248 Subtotal (7200.0). Diff: 720.00 (10.0%)"", ""Recommended field missing: Due date (due_date)""]",tmpjkelt9fr.jpg,2026-06-09T15:22:30.097986
"vendor: Palmer Ltd [SEP] invoice_id: 19471831 [SEP] date: 2014-04-09 [SEP] total: 44745.59 USD [SEP] tax: 4067.78 [SEP] items: 15""x15"" White Decorative
Coffee Table Top Lapis Lazuli
Marquetery Patio Décor | 4'x2' Marble Dining Table Top
Pietra Dura Birds Inlay Art
Furniture Decors B444 | 60 Inches Marble Dinning Table
Top Hand Inlaid Garden Table
with Gemstones",Office,Palmer Ltd,19471831,2014-04-09,44745.59,USD,high,0.948,"[""Items sum (44745.59) \u2248 Subtotal (40677.81). Diff: 4067.78 (10.0%)"", ""Recommended field missing: Due date (due_date)""]",tmp7gnxlq9h.jpg,2026-06-09T16:03:28.169477
"vendor: Jones, Davis and Moses [SEP] invoice_id: 89299747 [SEP] date: 2018-04-14 [SEP] total: 389.0 USD [SEP] tax: 35.36 [SEP] items: Vintage Crystal Red Wine
Glasses NOS West Germany
1983 6 10 ounce elegant stems | Wine Bottle Holder From Costa
Rica Has A Parrot Painted On It | Birthday Girl Wine Glass by
Lolita | Metal Storage Shelf Wine Glass
Rack Wine Glasses for The
Cabinet | Unicorn Wine Bottle Display | 100pcs Heat Shrink Capsules
PVC Wine Bottle Caps
Shrinkable Seal Film Covers
3cm",Other,"Jones, Davis and Moses",89299747,2018-04-14,389.0,USD,high,0.946,"[""Items sum (389.0) \u2248 Subtotal (353.64). Diff: 35.36 (10.0%)"", ""Recommended field missing: Due date (due_date)""]",tmpl2_893iy.jpg,2026-06-09T17:21:56.861171
